{"real": {"pos": 40.79207920792079, "neg": 59.20792079207921}, "training": {"pos": 40.5940594059406, "neg": 59.4059405940594}, "test": {"pos": 41.584158415841586, "neg": 58.415841584158414}, "test_after": {"pos": 34.15841584158416, "neg": 65.84158415841584}, "all_data": {"pos": 33.663366336633665, "neg": 66.33663366336634}}